<application>
  <component name="BaseRefactoringSettings">
    <option name="SAFE_DELETE_WHEN_DELETE" value="true" />
  </component>
  <component name="RefactoringSettings">
    <option name="RENAME_SEARCH_IN_COMMENTS_FOR_VARIABLE" value="true" />
    <option name="RENAME_SEARCH_FOR_TEXT_FOR_PACKAGE" value="true" />
    <option name="RENAME_SEARCH_FOR_TEXT_FOR_VARIABLE" value="true" />
    <option name="INTRODUCE_LOCAL_CREATE_FINALS" value="true" />
    <option name="INTRODUCE_LOCAL_CREATE_VAR_TYPE" value="true" />
  </component>
</application>