<application>
  <component name="NotRoamableUiSettings">
    <option name="fontScale" value="1.0" />
    <option name="fontSize" value="16" />
    <option name="ideAAType" value="Greyscale" />
  </component>
  <component name="PropertiesComponent">
    <property name="InstalledPluginsSearchHistory" value="kotes&#10;kotest&#10;kote&#10;kot&#10;ko" />
    <property name="PluginConfigurable.selectionTab" value="1" />
    <property name="shared.index.infrastructure.prop" value="4" />
    <property name="tasks.pass.word.conversion.enforced" value="true" />
  </component>
</application>