<application>
  <component name="ProjectManager">
    <defaultProject>
      <component name="CompilerConfiguration">
        <annotationProcessing>
          <profile default="true" name="Default" enabled="true">
            <outputRelativeToContentRoot value="true" />
          </profile>
        </annotationProcessing>
      </component>
      <component name="InspectionProjectProfileManager">
        <option name="PROJECT_PROFILE" value="OpenGood Inspection" />
        <version value="1.0" />
      </component>
      <component name="KotlinCodeInsightWorkspaceSettings">
        <option name="optimizeImportsOnTheFly" value="true" />
      </component>
      <component name="ProjectInspectionProfilesVisibleTreeState">
        <entry key="OpenGood Inspection">
          <profile-state>
            <expanded-state>
              <State />
              <State>
                <id>Abstraction issuesJava</id>
              </State>
              <State>
                <id>Async code and promisesJavaScript and TypeScript</id>
              </State>
              <State>
                <id>Code style issuesJava</id>
              </State>
              <State>
                <id>Declaration redundancyJava</id>
              </State>
              <State>
                <id>Java</id>
              </State>
              <State>
                <id>JavaScript and TypeScript</id>
              </State>
              <State>
                <id>Kotlin</id>
              </State>
              <State>
                <id>Redundant constructsKotlin</id>
              </State>
            </expanded-state>
            <selected-state>
              <State>
                <id>RedundantSemicolon</id>
              </State>
            </selected-state>
          </profile-state>
        </entry>
        <entry key="OpenGood Inspections">
          <profile-state>
            <expanded-state>
              <State />
              <State>
                <id>Abstraction issuesJava</id>
              </State>
              <State>
                <id>Async code and promisesJavaScript and TypeScript</id>
              </State>
              <State>
                <id>Code style issuesJava</id>
              </State>
              <State>
                <id>Declaration redundancyGo</id>
              </State>
              <State>
                <id>Declaration redundancyJava</id>
              </State>
              <State>
                <id>Go</id>
              </State>
              <State>
                <id>Java</id>
              </State>
              <State>
                <id>JavaScript and TypeScript</id>
              </State>
              <State>
                <id>Kotlin</id>
              </State>
              <State>
                <id>Redundant constructsKotlin</id>
              </State>
            </expanded-state>
            <selected-state>
              <State>
                <id>RedundantSemicolon</id>
              </State>
            </selected-state>
          </profile-state>
        </entry>
        <entry key="Project Default">
          <profile-state>
            <expanded-state>
              <State />
              <State>
                <id>Android</id>
              </State>
              <State>
                <id>CorrectnessLintAndroid</id>
              </State>
              <State>
                <id>Imports and dependenciesJavaScript and TypeScript</id>
              </State>
              <State>
                <id>ImportsJava</id>
              </State>
              <State>
                <id>Java</id>
              </State>
              <State>
                <id>JavaFX</id>
              </State>
              <State>
                <id>JavaScript and TypeScript</id>
              </State>
              <State>
                <id>Kotlin</id>
              </State>
              <State>
                <id>LintAndroid</id>
              </State>
              <State>
                <id>MessagesCorrectnessLintAndroid</id>
              </State>
              <State>
                <id>Redundant constructsKotlin</id>
              </State>
            </expanded-state>
            <selected-state>
              <State>
                <id>KotlinUnusedImport</id>
              </State>
            </selected-state>
          </profile-state>
        </entry>
      </component>
      <component name="ProjectRootManager" version="2" languageLevel="JDK_11" project-jdk-name="11" project-jdk-type="JavaSDK" />
      <component name="ProjectViewState">
        <option name="hideEmptyMiddlePackages" value="true" />
        <option name="showLibraryContents" value="true" />
      </component>
      <component name="PropertiesComponent">{
  &quot;keyToString&quot;: {
    &quot;settings.editor.selected.configurable&quot;: &quot;preferences.pluginManager&quot;
  }
}</component>
      <component name="WindowStateProjectService">
        <state x="780" y="362" key="#com.intellij.openapi.updateSettings.impl.PluginUpdateInfoDialog" timestamp="1750894142347">
          <screen x="0" y="31" width="2560" height="1409" />
        </state>
        <state x="780" y="362" key="#com.intellij.openapi.updateSettings.impl.PluginUpdateInfoDialog/-1728.34.1728.1083/0.31.2560.1409" timestamp="1750894142347" />
        <state x="780" y="357" key="#com.intellij.openapi.updateSettings.impl.PluginUpdateInfoDialog/-1728.38.1728.1079/0.25.2560.1415" timestamp="1744933924207" />
        <state x="0" y="25" width="2560" height="1415" key="SettingsEditor" timestamp="1748827124655">
          <screen x="0" y="25" width="2560" height="1415" />
        </state>
        <state x="0" y="25" width="2560" height="1415" key="SettingsEditor/-1728.38.1728.1079/0.25.2560.1415" timestamp="1748827124655" />
      </component>
      <component name="masterDetails">
        <states>
          <state key="GlobalLibrariesConfigurable.UI">
            <settings>
              <splitter-proportions>
                <option name="proportions">
                  <list>
                    <option value="0.2" />
                  </list>
                </option>
              </splitter-proportions>
            </settings>
          </state>
          <state key="JdkListConfigurable.UI">
            <settings>
              <last-edited>Kotlin SDK</last-edited>
            </settings>
          </state>
          <state key="ProjectJDKs.UI">
            <settings>
              <last-edited>11</last-edited>
              <splitter-proportions>
                <option name="proportions">
                  <list>
                    <option value="0.2" />
                  </list>
                </option>
              </splitter-proportions>
            </settings>
          </state>
          <state key="ProjectLibrariesConfigurable.UI" />
        </states>
      </component>
    </defaultProject>
  </component>
</application>