<application>
  <component name="ProjectManager">
    <defaultProject>
      <component name="CompilerConfiguration">
        <annotationProcessing>
          <profile default="true" name="Default" enabled="true">
            <outputRelativeToContentRoot value="true" />
          </profile>
        </annotationProcessing>
      </component>
      <component name="DefaultGradleProjectSettings">
        <option name="isMigrated" value="true" />
      </component>
      <component name="GradleLocalSettings">
        <option name="projectSyncType">
          <map>
            <entry key="$USER_HOME$/workspace/SARA-2.0" value="PREVIEW" />
            <entry key="$USER_HOME$/workspace/advanced-gradle" value="PREVIEW" />
            <entry key="$USER_HOME$/workspace/api" value="PREVIEW" />
            <entry key="$USER_HOME$/workspace/app" value="PREVIEW" />
            <entry key="$USER_HOME$/workspace/bank-function-services" value="PREVIEW" />
            <entry key="$USER_HOME$/workspace/bank-save-transaction-function-service" value="PREVIEW" />
            <entry key="$USER_HOME$/workspace/bank-text-transaction-function-service" value="PREVIEW" />
            <entry key="$USER_HOME$/workspace/billing-data-migrator-service" value="PREVIEW" />
            <entry key="$USER_HOME$/workspace/central-int-dh" value="PREVIEW" />
            <entry key="$USER_HOME$/workspace/central-pipeline-test-api" value="PREVIEW" />
            <entry key="$USER_HOME$/workspace/central-pipeline-test-app" value="PREVIEW" />
            <entry key="$USER_HOME$/workspace/cloud-native-app-gradle-archetype" value="PREVIEW" />
            <entry key="$USER_HOME$/workspace/cloud-native-app-initializer" value="PREVIEW" />
            <entry key="$USER_HOME$/workspace/cloud-native-app-template" value="PREVIEW" />
            <entry key="$USER_HOME$/workspace/cloud-native-auto-configuration" value="PREVIEW" />
            <entry key="$USER_HOME$/workspace/cloud-native-gradle-archetype" value="PREVIEW" />
            <entry key="$USER_HOME$/workspace/cloud-native-project-initializer" value="PREVIEW" />
            <entry key="$USER_HOME$/workspace/cloud-native-ref-app" value="PREVIEW" />
            <entry key="$USER_HOME$/workspace/cloud-native-ref-service" value="PREVIEW" />
            <entry key="$USER_HOME$/workspace/cloud-native-reference-api-project" value="PREVIEW" />
            <entry key="$USER_HOME$/workspace/cloud-native-reference-service-project" value="PREVIEW" />
            <entry key="$USER_HOME$/workspace/data-exchange-service" value="PREVIEW" />
            <entry key="$USER_HOME$/workspace/data-pipeline-acceptance-tests" value="PREVIEW" />
            <entry key="$USER_HOME$/workspace/fin-data-migrator-service" value="PREVIEW" />
            <entry key="$USER_HOME$/workspace/gaig-cloud-native-app-gradle-archetype" value="PREVIEW" />
            <entry key="$USER_HOME$/workspace/gaig-redis-repository-lib" value="PREVIEW" />
            <entry key="$USER_HOME$/workspace/java-hamcrest" value="PREVIEW" />
            <entry key="$USER_HOME$/workspace/marklogic" value="PREVIEW" />
            <entry key="$USER_HOME$/workspace/pim-submission-search-cloud" value="PREVIEW" />
            <entry key="$USER_HOME$/workspace/postal-address-verification-service" value="PREVIEW" />
            <entry key="$USER_HOME$/workspace/prerequisite-code" value="PREVIEW" />
            <entry key="$USER_HOME$/workspace/ref-data-migrator" value="PREVIEW" />
            <entry key="$USER_HOME$/workspace/release-maker" value="PREVIEW" />
            <entry key="$USER_HOME$/workspace/release-maker-webhook" value="PREVIEW" />
            <entry key="$USER_HOME$/workspace/sample" value="PREVIEW" />
            <entry key="$USER_HOME$/workspace/sample-cloud-native-app" value="PREVIEW" />
            <entry key="$USER_HOME$/workspace/sbp" value="PREVIEW" />
            <entry key="$USER_HOME$/workspace/scheduling-api-lib" value="PREVIEW" />
            <entry key="$USER_HOME$/workspace/ses-kwipped" value="PREVIEW" />
            <entry key="$USER_HOME$/workspace/ses-kwipped-document-store" value="PREVIEW" />
            <entry key="$USER_HOME$/workspace/spring-fu/samples/kofu-reactive-mongodb" value="PREVIEW" />
            <entry key="$USER_HOME$/workspace/spring-security" value="PREVIEW" />
            <entry key="$USER_HOME$/workspace/spring-security-oauth2-boot" value="PREVIEW" />
            <entry key="$USER_HOME$/workspace/t" value="PREVIEW" />
            <entry key="$USER_HOME$/workspace/temp" value="PREVIEW" />
            <entry key="$USER_HOME$/workspace/test" value="PREVIEW" />
            <entry key="$USER_HOME$/workspace/test-config-server-app" value="PREVIEW" />
            <entry key="$USER_HOME$/workspace/test2" value="PREVIEW" />
            <entry key="$USER_HOME$/workspace/uc4-api-framework" value="PREVIEW" />
            <entry key="$USER_HOME$/workspace/urs-data-migrator-service" value="PREVIEW" />
            <entry key="$USER_HOME$/workspace/use-gradle" value="PREVIEW" />
            <entry key="$USER_HOME$/workspace/viper" value="PREVIEW" />
          </map>
        </option>
      </component>
      <component name="MarkdownProjectSettings" wasCopied="true">
        <PreviewSettings splitEditorLayout="SPLIT" splitEditorPreview="PREVIEW" useGrayscaleRendering="false" zoomFactor="1.0" maxImageWidth="0" showGitHubPageIfSynced="false" allowBrowsingInPreview="false" synchronizePreviewPosition="true" highlightPreviewType="NONE" highlightFadeOut="5" highlightOnTyping="true" synchronizeSourcePosition="true" verticallyAlignSourceAndPreviewSyncPosition="true" showSearchHighlightsInPreview="false" showSelectionInPreview="true" openRemoteLinks="true" replaceUnicodeEmoji="false" lastLayoutSetsDefault="false">
          <PanelProvider>
            <provider providerId="com.vladsch.idea.multimarkdown.editor.swing.html.panel" providerName="Default - Swing" />
          </PanelProvider>
        </PreviewSettings>
        <ParserSettings gitHubSyntaxChange="false" emojiShortcuts="1" emojiImages="0">
          <PegdownExtensions>
            <option name="ABBREVIATIONS" value="false" />
            <option name="ANCHORLINKS" value="true" />
            <option name="ASIDE" value="false" />
            <option name="ATXHEADERSPACE" value="true" />
            <option name="AUTOLINKS" value="false" />
            <option name="DEFINITIONS" value="false" />
            <option name="DEFINITION_BREAK_DOUBLE_BLANK_LINE" value="false" />
            <option name="FENCED_CODE_BLOCKS" value="true" />
            <option name="FOOTNOTES" value="false" />
            <option name="HARDWRAPS" value="false" />
            <option name="HTML_DEEP_PARSER" value="false" />
            <option name="INSERTED" value="false" />
            <option name="QUOTES" value="false" />
            <option name="RELAXEDHRULES" value="true" />
            <option name="SMARTS" value="false" />
            <option name="STRIKETHROUGH" value="true" />
            <option name="SUBSCRIPT" value="false" />
            <option name="SUPERSCRIPT" value="false" />
            <option name="SUPPRESS_HTML_BLOCKS" value="false" />
            <option name="SUPPRESS_INLINE_HTML" value="false" />
            <option name="TABLES" value="true" />
            <option name="TASKLISTITEMS" value="true" />
            <option name="TOC" value="false" />
            <option name="WIKILINKS" value="false" />
          </PegdownExtensions>
          <ParserOptions>
            <option name="ADMONITION_EXT" value="false" />
            <option name="ATTRIBUTES_EXT" value="false" />
            <option name="COMMONMARK_LISTS" value="true" />
            <option name="DUMMY" value="false" />
            <option name="EMOJI_SHORTCUTS" value="true" />
            <option name="ENUMERATED_REFERENCES_EXT" value="false" />
            <option name="FLEXMARK_FRONT_MATTER" value="false" />
            <option name="GFM_LOOSE_BLANK_LINE_AFTER_ITEM_PARA" value="false" />
            <option name="GFM_TABLE_RENDERING" value="true" />
            <option name="GITBOOK_URL_ENCODING" value="false" />
            <option name="GITHUB_LISTS" value="false" />
            <option name="GITHUB_WIKI_LINKS" value="false" />
            <option name="GITLAB_EXT" value="false" />
            <option name="GITLAB_MATH_EXT" value="false" />
            <option name="GITLAB_MERMAID_EXT" value="false" />
            <option name="HEADER_ID_NON_ASCII_TO_LOWERCASE" value="false" />
            <option name="HEADER_ID_NO_DUPED_DASHES" value="false" />
            <option name="JEKYLL_FRONT_MATTER" value="false" />
            <option name="MACROS_EXT" value="false" />
            <option name="NO_TEXT_ATTRIBUTES" value="false" />
            <option name="PARSE_HTML_ANCHOR_ID" value="false" />
            <option name="PLANTUML_FENCED_CODE" value="false" />
            <option name="PUML_FENCED_CODE" value="false" />
            <option name="SIM_TOC_BLANK_LINE_SPACER" value="true" />
          </ParserOptions>
        </ParserSettings>
        <HtmlSettings headerTopEnabled="false" headerBottomEnabled="false" bodyTopEnabled="false" bodyBottomEnabled="false" embedUrlContent="false" addPageHeader="true" embedImages="false" embedHttpImages="false" imageUriSerials="false" addDocTypeHtml="true" noParaTags="false" plantUmlConversion="0" mathConversion="0">
          <GeneratorProvider>
            <provider providerId="com.vladsch.idea.multimarkdown.editor.swing.html.generator" providerName="Default Swing HTML Generator" />
          </GeneratorProvider>
          <headerTop />
          <headerBottom />
          <bodyTop />
          <bodyBottom />
        </HtmlSettings>
        <CssSettings previewScheme="UI_SCHEME" cssUri="" isCssUriEnabled="false" isCssUriSerial="true" isCssTextEnabled="false" isDynamicPageWidth="true">
          <StylesheetProvider>
            <provider providerId="com.vladsch.idea.multimarkdown.editor.swing.html.css" providerName="Default Swing Stylesheet" />
          </StylesheetProvider>
          <ScriptProviders />
          <cssText />
          <cssUriHistory />
        </CssSettings>
        <AnnotatorSettings targetHasSpaces="true" linkCaseMismatch="true" wikiCaseMismatch="true" wikiLinkHasDashes="true" notUnderWikiHome="true" targetNotWikiPageExt="true" notUnderSourceWikiHome="true" targetNameHasAnchor="true" targetPathHasAnchor="true" wikiLinkHasSlash="true" wikiLinkHasSubdir="true" wikiLinkHasOnlyAnchor="true" linkTargetsWikiHasExt="true" linkTargetsWikiHasBadExt="true" notUnderSameRepo="true" targetNotUnderVcs="false" linkNeedsExt="true" linkHasBadExt="true" linkTargetNeedsExt="true" linkTargetHasBadExt="true" wikiLinkNotInWiki="true" imageTargetNotInRaw="true" repoRelativeAcrossVcsRoots="true" multipleWikiTargetsMatch="true" unresolvedLinkReference="true" linkIsIgnored="true" anchorIsIgnored="true" anchorIsUnresolved="true" anchorLineReferenceIsUnresolved="true" anchorLineReferenceFormat="true" anchorHasDuplicates="true" abbreviationDuplicates="true" abbreviationNotUsed="true" attributeIdDuplicateDefinition="true" attributeIdNotUsed="true" footnoteDuplicateDefinition="true" footnoteUnresolved="true" footnoteDuplicates="true" footnoteNotUsed="true" macroDuplicateDefinition="true" macroUnresolved="true" macroDuplicates="true" macroNotUsed="true" referenceDuplicateDefinition="true" referenceUnresolved="true" referenceDuplicates="true" referenceNotUsed="true" referenceUnresolvedNumericId="true" enumRefDuplicateDefinition="true" enumRefUnresolved="true" enumRefDuplicates="true" enumRefNotUsed="true" enumRefLinkUnresolved="true" enumRefLinkDuplicates="true" simTocUpdateNeeded="true" simTocTitleSpaceNeeded="true" />
        <HtmlExportSettings updateOnSave="false" parentDir="" targetDir="" cssDir="css" scriptDir="js" plainHtml="false" imageDir="" copyLinkedImages="false" imageUniquifyType="0" targetPathType="2" targetExt="" useTargetExt="false" noCssNoScripts="false" useElementStyleAttribute="false" linkToExportedHtml="true" exportOnSettingsChange="true" regenerateOnProjectOpen="false" linkFormatType="HTTP_ABSOLUTE" />
        <LinkMapSettings>
          <textMaps />
        </LinkMapSettings>
      </component>
      <component name="ProjectInspectionProfilesVisibleTreeState">
        <entry key="Project Default">
          <profile-state>
            <expanded-state>
              <State />
              <State>
                <id>Android</id>
              </State>
              <State>
                <id>Code style issuesJava</id>
              </State>
              <State>
                <id>CorrectnessLintAndroid</id>
              </State>
              <State>
                <id>Declaration redundancyJava</id>
              </State>
              <State>
                <id>FreeMarker</id>
              </State>
              <State>
                <id>HTML</id>
              </State>
              <State>
                <id>J2ME issuesJava</id>
              </State>
              <State>
                <id>Java</id>
              </State>
              <State>
                <id>Kotlin</id>
              </State>
              <State>
                <id>LintAndroid</id>
              </State>
              <State>
                <id>PerformanceLintAndroid</id>
              </State>
              <State>
                <id>PortabilityJava</id>
              </State>
              <State>
                <id>Resource managementJava</id>
              </State>
              <State>
                <id>Ruby</id>
              </State>
              <State>
                <id>SecurityJava</id>
              </State>
              <State>
                <id>Serialization issuesJava</id>
              </State>
              <State>
                <id>Style issuesKotlin</id>
              </State>
              <State>
                <id>Threading issuesJava</id>
              </State>
              <State>
                <id>UsabilityLintAndroid</id>
              </State>
            </expanded-state>
            <selected-state>
              <State>
                <id>Action Cable</id>
              </State>
            </selected-state>
          </profile-state>
        </entry>
      </component>
      <component name="ProjectRootManager" version="2" languageLevel="JDK_11" project-jdk-name="11" project-jdk-type="JavaSDK" />
      <component name="PropertiesComponent">
        <property name="android.sdk.path" value="$USER_HOME$/Library/Android/sdk" />
        <property name="nodejs_interpreter_path.stuck_in_default_project" value="undefined stuck path" />
        <property name="nodejs_npm_path_reset_for_default_project" value="true" />
        <property name="project.structure.last.edited" value="Project" />
        <property name="project.structure.proportion" value="0.0" />
        <property name="project.structure.side.proportion" value="0.2" />
        <property name="settings.editor.selected.configurable" value="Errors" />
      </component>
      <component name="RunDashboard">
        <option name="ruleStates">
          <list>
            <RuleState>
              <option name="name" value="ConfigurationTypeDashboardGroupingRule" />
            </RuleState>
            <RuleState>
              <option name="name" value="StatusDashboardGroupingRule" />
            </RuleState>
          </list>
        </option>
      </component>
      <component name="RunManager">
        <configuration default="true" type="Applet">
          <option name="POLICY_FILE" value="$APPLICATION_HOME_DIR$/bin/appletviewer.policy" />
          <method v="2">
            <option name="Make" enabled="true" />
          </method>
        </configuration>
        <configuration default="true" type="Application" factoryName="Application">
          <option name="WORKING_DIRECTORY" value="$PROJECT_DIR$" />
          <method v="2">
            <option name="Make" enabled="true" />
          </method>
        </configuration>
        <configuration default="true" type="JUnit" factoryName="JUnit">
          <option name="TEST_OBJECT" value="class" />
          <option name="WORKING_DIRECTORY" value="$MODULE_DIR$" />
          <method v="2">
            <option name="Make" enabled="true" />
          </method>
        </configuration>
        <configuration default="true" type="TestNG">
          <option name="TEST_OBJECT" value="CLASS" />
          <option name="WORKING_DIRECTORY" value="$MODULE_DIR$" />
          <properties />
          <listeners />
          <method v="2">
            <option name="Make" enabled="true" />
          </method>
        </configuration>
      </component>
      <component name="masterDetails">
        <states>
          <state key="GlobalLibrariesConfigurable.UI">
            <settings>
              <last-edited>groovy-2.5.2</last-edited>
              <splitter-proportions>
                <option name="proportions">
                  <list>
                    <option value="0.2" />
                  </list>
                </option>
              </splitter-proportions>
            </settings>
          </state>
          <state key="JdkListConfigurable.UI">
            <settings>
              <last-edited>1.8</last-edited>
              <splitter-proportions>
                <option name="proportions">
                  <list>
                    <option value="0.2" />
                  </list>
                </option>
              </splitter-proportions>
            </settings>
          </state>
          <state key="ProjectJDKs.UI">
            <settings>
              <last-edited>1.8</last-edited>
              <splitter-proportions>
                <option name="proportions">
                  <list>
                    <option value="0.2" />
                  </list>
                </option>
              </splitter-proportions>
            </settings>
          </state>
          <state key="ProjectLibrariesConfigurable.UI">
            <settings>
              <splitter-proportions>
                <option name="proportions">
                  <list>
                    <option value="0.2" />
                  </list>
                </option>
              </splitter-proportions>
            </settings>
          </state>
        </states>
      </component>
    </defaultProject>
  </component>
</application>