<application>
  <component name="Trusted.Paths">
    <option name="TRUSTED_PROJECT_PATHS">
      <map>
        <entry key="$USER_HOME$/workspace/activate/activate-data-api" value="true" />
        <entry key="$USER_HOME$/workspace/activate/activate-user-app" value="true" />
        <entry key="$USER_HOME$/workspace/brew-bean" value="true" />
        <entry key="$USER_HOME$/workspace/central-workflows" value="true" />
        <entry key="$USER_HOME$/workspace/ecommerce-spring-reactjs" value="true" />
        <entry key="$USER_HOME$/workspace/env-setup" value="true" />
        <entry key="$USER_HOME$/workspace/opengood-aio/config-gradle-plugin" value="true" />
        <entry key="$USER_HOME$/workspace/opengood-aio/jpa-data-provider" value="true" />
        <entry key="$USER_HOME$/workspace/opengood-aio/kotest-extensions" value="true" />
        <entry key="$USER_HOME$/workspace/opengood-aio/kotlin-commons" value="true" />
        <entry key="$USER_HOME$/workspace/opengood-aio/kotlin/config-gradle-plugin" value="true" />
        <entry key="$USER_HOME$/workspace/opengood-aio/kotlin/jpa-data-provider" value="true" />
        <entry key="$USER_HOME$/workspace/opengood-aio/kotlin/kotest-extensions" value="true" />
        <entry key="$USER_HOME$/workspace/opengood-aio/kotlin/kotlin-commons" value="true" />
        <entry key="$USER_HOME$/workspace/opengood-aio/kotlin/openapi-docs-autoconfig" value="true" />
        <entry key="$USER_HOME$/workspace/opengood-aio/kotlin/rest-api-contracts" value="true" />
        <entry key="$USER_HOME$/workspace/opengood-aio/kotlin/settings-gradle-plugin" value="true" />
        <entry key="$USER_HOME$/workspace/opengood-aio/kotlin/spring-constants" value="true" />
        <entry key="$USER_HOME$/workspace/opengood-aio/openapi-docs-autoconfig" value="true" />
        <entry key="$USER_HOME$/workspace/opengood-aio/rest-api-contracts" value="true" />
        <entry key="$USER_HOME$/workspace/opengood-aio/settings-gradle-plugin" value="true" />
        <entry key="$USER_HOME$/workspace/opengood-aio/spring-commons" value="true" />
        <entry key="$USER_HOME$/workspace/opengood-aio/spring-constants" value="true" />
        <entry key="$USER_HOME$/workspace/opengood/config-gradle-plugin" value="true" />
        <entry key="$USER_HOME$/workspace/opengood/jpa-data-provider" value="true" />
        <entry key="$USER_HOME$/workspace/opengood/kotest-extensions" value="true" />
        <entry key="$USER_HOME$/workspace/opengood/kotlin-commons" value="true" />
        <entry key="$USER_HOME$/workspace/opengood/openapi-docs-autoconfig" value="true" />
        <entry key="$USER_HOME$/workspace/opengood/rest-api-contracts" value="true" />
        <entry key="$USER_HOME$/workspace/opengood/settings-gradle-plugin" value="true" />
        <entry key="$USER_HOME$/workspace/opengood/spring-commons" value="true" />
        <entry key="$USER_HOME$/workspace/opengood/spring-constants" value="true" />
        <entry key="$USER_HOME$/workspace/sync" value="true" />
      </map>
    </option>
  </component>
  <component name="Trusted.Paths.Settings">
    <option name="TRUSTED_PATHS">
      <list>
        <option value="$USER_HOME$/workspace" />
      </list>
    </option>
  </component>
</application>