<application>
  <component name="DimensionService">
    <location key="find.popup.0.0.6016.3384@240dpi" x="1888" y="320" />
    <location key="find.popup.3456.0.5120.2880@240dpi" x="5166" y="730" />
    <location key="find.popup.0.0.5120.2880@240dpi" x="1710" y="730" />
    <location key="find.popup.0.0.3456.2234@240dpi" x="1154" y="594" />
    <size key="find.popup.0.0.6016.3384@240dpi" width="1702" height="1540" />
    <size key="GridCell.Tab.0.left.0.0.6016.3384@240dpi" width="5812" height="1242" />
    <size key="GridCell.Tab.0.center.0.0.6016.3384@240dpi" width="5812" height="1242" />
    <size key="GridCell.Tab.0.right.0.0.6016.3384@240dpi" width="5812" height="1242" />
    <size key="GridCell.Tab.0.bottom.0.0.6016.3384@240dpi" width="5812" height="1242" />
    <size key="GridCell.Tab.1.left.0.0.6016.3384@240dpi" width="5812" height="1242" />
    <size key="GridCell.Tab.1.center.0.0.6016.3384@240dpi" width="5812" height="1242" />
    <size key="GridCell.Tab.1.right.0.0.6016.3384@240dpi" width="5812" height="1242" />
    <size key="GridCell.Tab.1.bottom.0.0.6016.3384@240dpi" width="5812" height="1242" />
    <size key="GridCell.Tab.2.left.0.0.6016.3384@240dpi" width="5812" height="1242" />
    <size key="GridCell.Tab.2.center.0.0.6016.3384@240dpi" width="5812" height="1242" />
    <size key="GridCell.Tab.2.right.0.0.6016.3384@240dpi" width="5812" height="1242" />
    <size key="GridCell.Tab.2.bottom.0.0.6016.3384@240dpi" width="5812" height="1242" />
    <size key="find.popup.3456.0.5120.2880@240dpi" width="1792" height="1692" />
    <size key="GridCell.Tab.0.left.3456.0.5120.2880@240dpi" width="4916" height="828" />
    <size key="GridCell.Tab.0.center.3456.0.5120.2880@240dpi" width="4916" height="828" />
    <size key="GridCell.Tab.0.right.3456.0.5120.2880@240dpi" width="4916" height="828" />
    <size key="GridCell.Tab.0.bottom.3456.0.5120.2880@240dpi" width="4916" height="828" />
    <size key="GridCell.Tab.0.right.0.0.5120.2880@240dpi" width="4916" height="1098" />
    <size key="GridCell.Tab.0.left.0.0.5120.2880@240dpi" width="4916" height="1098" />
    <size key="GridCell.Tab.0.center.0.0.5120.2880@240dpi" width="4916" height="1098" />
    <size key="GridCell.Tab.0.bottom.0.0.5120.2880@240dpi" width="4916" height="1098" />
    <size key="GridCell.Tab.1.left.0.0.5120.2880@240dpi" width="4916" height="1408" />
    <size key="GridCell.Tab.1.center.0.0.5120.2880@240dpi" width="4916" height="1408" />
    <size key="GridCell.Tab.1.right.0.0.5120.2880@240dpi" width="4916" height="1408" />
    <size key="GridCell.Tab.1.bottom.0.0.5120.2880@240dpi" width="4916" height="1408" />
    <size key="find.popup.0.0.5120.2880@240dpi" width="1678" height="1476" />
    <size key="GridCell.Tab.1.left.3456.0.5120.2880@240dpi" width="4916" height="978" />
    <size key="GridCell.Tab.1.center.3456.0.5120.2880@240dpi" width="4916" height="978" />
    <size key="GridCell.Tab.1.right.3456.0.5120.2880@240dpi" width="4916" height="978" />
    <size key="GridCell.Tab.1.bottom.3456.0.5120.2880@240dpi" width="4916" height="978" />
    <size key="GridCell.Tab.0.left.0.0.3456.2234@240dpi" width="3252" height="862" />
    <size key="GridCell.Tab.0.center.0.0.3456.2234@240dpi" width="3252" height="862" />
    <size key="GridCell.Tab.0.right.0.0.3456.2234@240dpi" width="3252" height="862" />
    <size key="GridCell.Tab.0.bottom.0.0.3456.2234@240dpi" width="3252" height="862" />
    <size key="find.popup.0.0.3456.2234@240dpi" width="1678" height="1476" />
  </component>
  <component name="WindowManager">
    <frame x="0" y="25" width="2560" height="1415" extendedState="6" />
  </component>
  <component name="WindowStateApplicationService">
    <state x="1280" y="735" width="2560" height="1409" key="WELCOME_SCREEN" timestamp="1761181836322">
      <screen x="0" y="31" width="2560" height="1409" />
    </state>
    <state x="1280" y="735" width="2560" height="1409" key="WELCOME_SCREEN/-1728.34.1728.1083/0.31.2560.1409" timestamp="1761181836322" />
  </component>
</application>