<keymap version="1" name="GAIG Lab" parent="Mac OS X 10.5+">
  <action id="$LRU">
    <keyboard-shortcut first-keystroke="ctrl meta o" />
  </action>
  <action id="CloseAllEditors">
    <keyboard-shortcut first-keystroke="meta alt w" />
  </action>
  <action id="CloseProject">
    <keyboard-shortcut first-keystroke="ctrl meta w" />
  </action>
  <action id="Editor LRU">
    <keyboard-shortcut first-keystroke="ctrl meta o" />
  </action>
  <action id="EditorToggleShowWhitespaces">
    <keyboard-shortcut first-keystroke="shift meta w" />
  </action>
  <action id="EditorToggleUseSoftWraps">
    <keyboard-shortcut first-keystroke="ctrl meta alt w" />
  </action>
  <action id="MoveTabRight">
    <keyboard-shortcut first-keystroke="shift ctrl meta alt up" />
  </action>
  <action id="OpenFile">
    <keyboard-shortcut first-keystroke="ctrl meta alt o" />
  </action>
  <action id="SplitVertically">
    <keyboard-shortcut first-keystroke="ctrl meta alt v" />
  </action>
</keymap>