<keymap version="1" name="OpenGood IntelliJ" parent="Pivotal Common">
  <action id="$LRU">
    <keyboard-shortcut first-keystroke="ctrl meta o" />
  </action>
  <action id="CloseProject">
    <keyboard-shortcut first-keystroke="ctrl meta alt w" />
  </action>
  <action id="Editor LRU">
    <keyboard-shortcut first-keystroke="ctrl meta o" />
  </action>
  <action id="EditorToggleUseSoftWraps">
    <keyboard-shortcut first-keystroke="shift ctrl meta alt w" />
  </action>
  <action id="Groovy.NewClass">
    <keyboard-shortcut first-keystroke="ctrl meta alt g" />
  </action>
  <action id="Kotlin.NewFile">
    <keyboard-shortcut first-keystroke="ctrl meta alt k" />
  </action>
  <action id="NewClass">
    <keyboard-shortcut first-keystroke="ctrl meta alt j" />
  </action>
  <action id="NewDir">
    <keyboard-shortcut first-keystroke="ctrl meta alt d" />
  </action>
  <action id="NewElementInMenuGroup">
    <keyboard-shortcut first-keystroke="shift ctrl meta alt f" />
  </action>
  <action id="NewFile">
    <keyboard-shortcut first-keystroke="shift ctrl meta alt f" />
  </action>
  <action id="OpenFile">
    <keyboard-shortcut first-keystroke="ctrl meta alt o" />
  </action>
  <action id="me.laria.code.idea_caseconv.TitleCaseAction">
    <keyboard-shortcut first-keystroke="shift ctrl t" />
  </action>
  <action id="org.jetbrains.plugins.ruby.tasks.rake.actions.RakeTasksPopupAction">
    <keyboard-shortcut first-keystroke="alt r" />
  </action>
</keymap>